{"stats":{"minecraft:picked_up":{"minecraft:wheat_seeds":4},"minecraft:custom":{"minecraft:jump":241,"minecraft:time_since_rest":24597,"minecraft:interact_with_blast_furnace":1,"minecraft:crouch_one_cm":13157,"minecraft:play_one_minute":24597,"minecraft:leave_game":1,"minecraft:interact_with_furnace":1,"minecraft:sprint_one_cm":24480,"minecraft:damage_taken":30,"minecraft:time_since_death":24597,"minecraft:walk_one_cm":66492,"minecraft:sneak_time":4942,"minecraft:climb_one_cm":418,"minecraft:drop":1,"minecraft:fall_one_cm":7883,"minecraft:fly_one_cm":21403,"minecraft:open_barrel":1},"minecraft:dropped":{"minecraft:wheat_seeds":4}},"DataVersion":2227}