{"stats":{"minecraft:picked_up":{"minecraft:lantern":3,"minecraft:orange_tulip":1,"minecraft:bell":1,"minecraft:torch":5,"minecraft:spruce_door":2},"minecraft:custom":{"minecraft:open_barrel":1,"minecraft:fill_cauldron":4,"minecraft:play_one_minute":219832,"minecraft:bell_ring":2,"minecraft:leave_game":3,"minecraft:time_since_death":219832,"minecraft:time_since_rest":219832,"minecraft:sprint_one_cm":23326,"minecraft:walk_one_cm":80869,"minecraft:fly_one_cm":927410,"minecraft:crouch_one_cm":3195,"minecraft:sneak_time":7683,"minecraft:walk_under_water_one_cm":686,"minecraft:interact_with_lectern":1,"minecraft:jump":229,"minecraft:walk_on_water_one_cm":1490,"minecraft:fall_one_cm":1995},"minecraft:used":{"minecraft:oak_trapdoor":19,"minecraft:dark_oak_stairs":289,"minecraft:water_bucket":30,"minecraft:diorite":8,"minecraft:nether_brick_wall":10,"minecraft:writable_book":1,"minecraft:cobblestone_stairs":5,"minecraft:sandstone_stairs":2,"minecraft:spruce_door":9,"minecraft:white_tulip":3,"minecraft:stripped_birch_log":10,"minecraft:spruce_slab":214,"minecraft:oak_planks":194,"minecraft:ladder":1,"minecraft:spruce_planks":64,"minecraft:redstone_block":19,"minecraft:cauldron":4,"minecraft:cobblestone_slab":73,"minecraft:bell":4,"minecraft:stripped_birch_wood":137,"minecraft:grass":19,"minecraft:spruce_fence_gate":7,"minecraft:oak_leaves":3,"minecraft:debug_stick":21,"minecraft:torch":9,"minecraft:mossy_cobblestone":2,"minecraft:birch_pressure_plate":2,"minecraft:dirt":6,"minecraft:sand":9,"minecraft:anvil":2,"minecraft:vine":22,"minecraft:cut_sandstone_slab":1,"minecraft:oak_slab":3,"minecraft:spruce_stairs":191,"minecraft:cobblestone_wall":10,"minecraft:campfire":22,"minecraft:oak_wood":2,"minecraft:painting":36,"minecraft:spruce_fence":11,"minecraft:spruce_log":92,"minecraft:red_sandstone_wall":6,"minecraft:oak_fence_gate":2,"minecraft:fern":3,"minecraft:andesite_wall":7,"minecraft:oak_log":49,"minecraft:dark_oak_planks":18,"minecraft:lever":4,"minecraft:black_concrete":10,"minecraft:cornflower":2,"minecraft:chipped_anvil":1,"minecraft:stripped_dark_oak_wood":231,"minecraft:bookshelf":4,"minecraft:dark_oak_log":36,"minecraft:gray_stained_glass_pane":9,"minecraft:spruce_wood":93,"minecraft:lantern":12,"minecraft:grass_block":113,"minecraft:oak_stairs":28,"minecraft:oak_button":3,"minecraft:barrier":32,"minecraft:acacia_slab":25,"minecraft:lectern":14,"minecraft:dark_oak_slab":159,"minecraft:spruce_trapdoor":51,"minecraft:tropical_fish_spawn_egg":18,"minecraft:diorite_wall":1,"minecraft:gravel":23,"minecraft:polished_andesite_slab":3,"minecraft:barrel":8,"minecraft:stone_bricks":15,"minecraft:birch_button":2,"minecraft:glowstone":3,"minecraft:red_carpet":20,"minecraft:cobblestone":48,"minecraft:snow":108,"minecraft:hay_block":1,"minecraft:dark_oak_fence":26,"minecraft:andesite_stairs":38,"minecraft:bucket":29,"minecraft:sea_pickle":2,"minecraft:coarse_dirt":4}},"DataVersion":2227}