{"stats":{"minecraft:used":{"minecraft:dark_oak_stairs":19,"minecraft:glowstone":2,"minecraft:soul_sand":1,"minecraft:snow":33,"minecraft:dirt":2,"minecraft:cobblestone_stairs":4,"minecraft:cobblestone":1,"minecraft:tall_grass":2,"minecraft:spruce_wood":17,"minecraft:birch_slab":17,"minecraft:grass_block":2,"minecraft:spruce_slab":24,"minecraft:spruce_stairs":40,"minecraft:barrier":134,"minecraft:dark_oak_slab":16,"minecraft:redstone_block":67,"minecraft:spruce_fence_gate":1,"minecraft:grass":5,"minecraft:polished_diorite":1},"minecraft:picked_up":{"minecraft:oak_sign":1,"minecraft:writable_book":1,"minecraft:spruce_sign":6},"minecraft:custom":{"minecraft:open_barrel":3,"minecraft:time_since_rest":620159,"minecraft:crouch_one_cm":2276,"minecraft:play_one_minute":620159,"minecraft:sprint_one_cm":10028,"minecraft:walk_one_cm":206177,"minecraft:sneak_time":2959,"minecraft:interact_with_anvil":3,"minecraft:interact_with_lectern":1,"minecraft:jump":608,"minecraft:leave_game":15,"minecraft:walk_on_water_one_cm":180,"minecraft:time_since_death":620159,"minecraft:fall_one_cm":3364,"minecraft:fly_one_cm":189729}},"DataVersion":2227}